256;DB;100;seq;LIKEE;1;12;383259754;4255720
256;DB;200;seq;LIKEE;1;111;408586166;9367095
256;DB;500;seq;LIKEE;1;111;397297101;10950963
256;DB;1000;seq;LIKEE;1;112;407601685;9208558
256;DB;2000;seq;LIKEE;1;1111;435449539;18179845
256;DB;5000;seq;LIKEE;1;1111;459901848;19437103
256;DB;7500;seq;LIKEE;1;1111;464974435;22707331
256;DB;10000;seq;LIKEE;1;1112;485301627;20765291
256;DB;15000;seq;LIKEE;1;6112;590132333;56939011
256;DB;20000;seq;LIKEE;1;11111;738432042;102214376
256;DB;25000;seq;LIKEE;1;11111;745254990;105640820
256;DB;30000;seq;LIKEE;1;11111;736283067;102360659
256;DB;40000;seq;LIKEE;1;11111;799303509;102507586
256;DB;50000;seq;LIKEE;1;11111;802177528;117229166
256;DB;75000;seq;LIKEE;1;11111;928897290;116275239
256;DB;100000;seq;LIKEE;1;11112;1134653536;113074460
256;DB;150000;seq;LIKEE;1;61112;1956818244;1643375849
512;DB;100;seq;LIKEE;1;12;385780242;2112786
512;DB;200;seq;LIKEE;1;111;340834098;9176030
512;DB;500;seq;LIKEE;1;111;373314247;8823683
512;DB;1000;seq;LIKEE;1;112;375403059;9888178
512;DB;2000;seq;LIKEE;1;1111;447064987;19432931
512;DB;5000;seq;LIKEE;1;1111;487207183;17154388
512;DB;7500;seq;LIKEE;1;1111;495152457;20998185
512;DB;10000;seq;LIKEE;1;1112;498890370;20914716
512;DB;15000;seq;LIKEE;1;6112;589878468;56228506
512;DB;20000;seq;LIKEE;1;11111;756410376;92864365
512;DB;25000;seq;LIKEE;1;11111;758322763;87351306
512;DB;30000;seq;LIKEE;1;11111;746576705;91353432
512;DB;40000;seq;LIKEE;1;11111;747927154;101266153
512;DB;50000;seq;LIKEE;1;11111;789583562;93186694
512;DB;75000;seq;LIKEE;1;11111;800943194;96972429
512;DB;100000;seq;LIKEE;1;11112;1042695172;103765053
512;DB;150000;seq;LIKEE;1;61112;2266405051;936679008
512;DB;200000;seq;LIKEE;1;111111;4186757348;2448561044
512;DB;250000;seq;LIKEE;1;111111;4114859789;2434375431
512;DB;500000;seq;LIKEE;1;111111;4576187743;2535150992
512;DB;1000000;seq;LIKEE;1;111112;5305184391;2469740723
1024;DB;100;seq;LIKEE;1;12;355540420;3332020
1024;DB;200;seq;LIKEE;1;111;365865724;8698454
1024;DB;500;seq;LIKEE;1;111;389898972;7447339
1024;DB;1000;seq;LIKEE;1;112;419573437;10241812
1024;DB;2000;seq;LIKEE;1;1111;468197355;18634760
1024;DB;5000;seq;LIKEE;1;1111;431089484;17394935
1024;DB;7500;seq;LIKEE;1;1111;507456807;20195267
1024;DB;10000;seq;LIKEE;1;1112;496535419;21989447
1024;DB;15000;seq;LIKEE;1;6112;552236491;55525974
1024;DB;20000;seq;LIKEE;1;11111;721225262;79169649
1024;DB;25000;seq;LIKEE;1;11111;700808000;86257840
1024;DB;30000;seq;LIKEE;1;11111;705852741;83761975
1024;DB;40000;seq;LIKEE;1;11111;762886725;87897074
1024;DB;50000;seq;LIKEE;1;11111;758133881;86281395
1024;DB;75000;seq;LIKEE;1;11111;814589488;108219093
1024;DB;100000;seq;LIKEE;1;11112;1052794328;92762063
1024;DB;150000;seq;LIKEE;1;61112;2008297746;655974009
1024;DB;200000;seq;LIKEE;1;111111;3269882577;1351292771
1024;DB;250000;seq;LIKEE;1;111111;3271856147;1524280979
1024;DB;500000;seq;LIKEE;1;111111;3737673331;1505527686
1024;DB;1000000;seq;LIKEE;1;111112;4571295732;1704729257
1536;DB;100;seq;LIKEE;1;12;391002310;2592446
1536;DB;200;seq;LIKEE;1;111;372223537;7496956
1536;DB;500;seq;LIKEE;1;111;400882600;8959118
1536;DB;1000;seq;LIKEE;1;112;392192894;8126722
1536;DB;2000;seq;LIKEE;1;1111;458954952;19261046
1536;DB;5000;seq;LIKEE;1;1111;450708778;20526701
1536;DB;7500;seq;LIKEE;1;1111;486272221;19477125
1536;DB;10000;seq;LIKEE;1;1112;495833029;21130832
1536;DB;15000;seq;LIKEE;1;6112;590792606;59451658
1536;DB;20000;seq;LIKEE;1;11111;759785091;90371867
1536;DB;25000;seq;LIKEE;1;11111;722682009;84585200
1536;DB;30000;seq;LIKEE;1;11111;794021008;95511554
1536;DB;40000;seq;LIKEE;1;11111;867562168;90562645
1536;DB;50000;seq;LIKEE;1;11111;865005157;89573630
1536;DB;75000;seq;LIKEE;1;11111;877992293;93153669
1536;DB;100000;seq;LIKEE;1;11112;1038836866;95313010
1536;DB;150000;seq;LIKEE;1;61112;2083912075;545021070
1536;DB;200000;seq;LIKEE;1;111111;3223687145;1312932068
1536;DB;250000;seq;LIKEE;1;111111;3255324129;1318524457
1536;DB;500000;seq;LIKEE;1;111111;3927178249;1500597846
1536;DB;1000000;seq;LIKEE;1;111112;4516560278;1499469332
2048;DB;100;seq;LIKEE;1;12;379161874;4687100
2048;DB;200;seq;LIKEE;1;111;364630756;7544646
2048;DB;500;seq;LIKEE;1;111;427184228;16396840
2048;DB;1000;seq;LIKEE;1;112;433422014;10069574
2048;DB;2000;seq;LIKEE;1;1111;538179877;35262658
2048;DB;5000;seq;LIKEE;1;1111;447293042;26352986
2048;DB;7500;seq;LIKEE;1;1111;507331846;20973074
2048;DB;10000;seq;LIKEE;1;1112;538305491;18392878
2048;DB;15000;seq;LIKEE;1;6112;793476041;81794305
2048;DB;20000;seq;LIKEE;1;11111;813091916;109786064
2048;DB;25000;seq;LIKEE;1;11111;783284704;79276107
2048;DB;30000;seq;LIKEE;1;11111;694397452;84504148
2048;DB;40000;seq;LIKEE;1;11111;806283787;106836421
2048;DB;50000;seq;LIKEE;1;11111;800087823;113232758
2048;DB;75000;seq;LIKEE;1;11111;798340323;80121950
2048;DB;100000;seq;LIKEE;1;11112;999270771;88049979
2048;DB;150000;seq;LIKEE;1;61112;1887613226;513359495
2048;DB;200000;seq;LIKEE;1;111111;2899882541;1243883703
2048;DB;250000;seq;LIKEE;1;111111;3147302586;1083870864
2048;DB;500000;seq;LIKEE;1;111111;3660217676;1181657920
2048;DB;1000000;seq;LIKEE;1;111112;4317829593;1253870503
3072;DB;100;seq;LIKEE;1;12;385248727;4303747
3072;DB;200;seq;LIKEE;1;111;418176561;7192533
3072;DB;500;seq;LIKEE;1;111;355285004;7004473
3072;DB;1000;seq;LIKEE;1;112;394066004;6662127
3072;DB;2000;seq;LIKEE;1;1111;421946525;14471039
3072;DB;5000;seq;LIKEE;1;1111;433497580;16794187
3072;DB;7500;seq;LIKEE;1;1111;522522137;15935649
3072;DB;10000;seq;LIKEE;1;1112;514569153;16448935
3072;DB;15000;seq;LIKEE;1;6112;588980420;46843884
3072;DB;20000;seq;LIKEE;1;11111;811317869;77348525
3072;DB;25000;seq;LIKEE;1;11111;737295022;72433427
3072;DB;30000;seq;LIKEE;1;11111;684188136;77555349
3072;DB;40000;seq;LIKEE;1;11111;797273961;77827194
3072;DB;50000;seq;LIKEE;1;11111;739338097;74168860
3072;DB;75000;seq;LIKEE;1;11111;804374656;82186547
3072;DB;100000;seq;LIKEE;1;11112;1006483931;84277967
3072;DB;150000;seq;LIKEE;1;61112;1892378937;470822631
3072;DB;200000;seq;LIKEE;1;111111;2772307711;1012775293
3072;DB;250000;seq;LIKEE;1;111111;3079627591;882646609
3072;DB;500000;seq;LIKEE;1;111111;3367105752;992856658
3072;DB;1000000;seq;LIKEE;1;111112;4117889053;1110494082
4048;DB;100;seq;LIKEE;1;12;378855910;5161011
4048;DB;200;seq;LIKEE;1;111;363890186;6502301
4048;DB;500;seq;LIKEE;1;111;375157463;6131380
4048;DB;1000;seq;LIKEE;1;112;466743297;6895926
4048;DB;2000;seq;LIKEE;1;1111;536471156;16200427
4048;DB;5000;seq;LIKEE;1;1111;490148203;30106503
4048;DB;7500;seq;LIKEE;1;1111;495416466;14118342
4048;DB;10000;seq;LIKEE;1;1112;513449886;21389754
4048;DB;15000;seq;LIKEE;1;6112;591744360;50537077
4048;DB;20000;seq;LIKEE;1;11111;698242207;81237447
4048;DB;25000;seq;LIKEE;1;11111;695650484;75779390
4048;DB;30000;seq;LIKEE;1;11111;745458052;80461114
4048;DB;40000;seq;LIKEE;1;11111;808214507;71350414
4048;DB;50000;seq;LIKEE;1;11111;765411797;82877073
4048;DB;75000;seq;LIKEE;1;11111;762545936;93189452
4048;DB;100000;seq;LIKEE;1;11112;956589671;88278412
4048;DB;150000;seq;LIKEE;1;61112;2041411396;482358914
4048;DB;200000;seq;LIKEE;1;111111;2982313007;865812638
4048;DB;250000;seq;LIKEE;1;111111;3214095260;939813830
4048;DB;500000;seq;LIKEE;1;111111;3474773254;952123155
4048;DB;1000000;seq;LIKEE;1;111112;4368908298;1200997335
6144;DB;100;seq;LIKEE;1;12;361528993;1934956
6144;DB;200;seq;LIKEE;1;111;330325600;6307539
6144;DB;500;seq;LIKEE;1;111;403913490;8058823
6144;DB;1000;seq;LIKEE;1;112;415997711;5457064
6144;DB;2000;seq;LIKEE;1;1111;427217703;15036333
6144;DB;5000;seq;LIKEE;1;1111;463051567;17381897
6144;DB;7500;seq;LIKEE;1;1111;506842205;15565761
6144;DB;10000;seq;LIKEE;1;1112;484984839;19862370
6144;DB;15000;seq;LIKEE;1;6112;601324750;53826614
6144;DB;20000;seq;LIKEE;1;11111;699289051;74187692
6144;DB;25000;seq;LIKEE;1;11111;717176632;78949774
6144;DB;30000;seq;LIKEE;1;11111;728049777;84537216
6144;DB;40000;seq;LIKEE;1;11111;745095090;76241120
6144;DB;50000;seq;LIKEE;1;11111;740192667;77388672
6144;DB;75000;seq;LIKEE;1;11111;778004626;81697835
6144;DB;100000;seq;LIKEE;1;11112;961990114;87172692
6144;DB;150000;seq;LIKEE;1;61112;2048042830;448637844
6144;DB;200000;seq;LIKEE;1;111111;2758787633;912091605
6144;DB;250000;seq;LIKEE;1;111111;2978427961;925182936
6144;DB;500000;seq;LIKEE;1;111111;3439629021;942146726
6144;DB;1000000;seq;LIKEE;1;111112;4269368557;1095012556
6144;DB;2000000;seq;LIKEE;1;1111111;30876358499;18331045222
6144;DB;5000000;seq;LIKEE;1;1111111;37881288067;20112510624
6144;DB;10000000;seq;LIKEE;1;1111112;48265369239;20716383677
8096;DB;100;seq;LIKEE;1;12;382297367;3744717
8096;DB;200;seq;LIKEE;1;111;393461841;7597439
8096;DB;500;seq;LIKEE;1;111;435282329;6232524
8096;DB;1000;seq;LIKEE;1;112;451354131;7095862
8096;DB;2000;seq;LIKEE;1;1111;462736026;14880812
8096;DB;5000;seq;LIKEE;1;1111;490235528;16232118
8096;DB;7500;seq;LIKEE;1;1111;517423650;17618022
8096;DB;10000;seq;LIKEE;1;1112;540641192;15382921
8096;DB;15000;seq;LIKEE;1;6112;590765111;55102964
8096;DB;20000;seq;LIKEE;1;11111;674418709;73035277
8096;DB;25000;seq;LIKEE;1;11111;681531421;76180877
8096;DB;30000;seq;LIKEE;1;11111;713246451;71660957
8096;DB;40000;seq;LIKEE;1;11111;777561919;83934755
8096;DB;50000;seq;LIKEE;1;11111;710703165;82345706
8096;DB;75000;seq;LIKEE;1;11111;832225129;77670869
8096;DB;100000;seq;LIKEE;1;11112;1006820057;84510723
8096;DB;150000;seq;LIKEE;1;61112;1833472075;417765011
8096;DB;200000;seq;LIKEE;1;111111;2642535132;864758952
8096;DB;250000;seq;LIKEE;1;111111;3026523682;869904529
8096;DB;500000;seq;LIKEE;1;111111;3450930298;896740751
8096;DB;1000000;seq;LIKEE;1;111112;4252138543;963316219
8096;DB;2000000;seq;LIKEE;1;1111111;31729750654;17631668846
8096;DB;5000000;seq;LIKEE;1;1111111;36276074249;22477424333
8096;DB;10000000;seq;LIKEE;1;1111112;47827504853;20416126554
256;DB;100;seq;LIKEE;10;2;357766766;1025771
256;DB;200;seq;LIKEE;10;11;360485183;2417717
256;DB;500;seq;LIKEE;10;11;350581756;2876307
256;DB;1000;seq;LIKEE;10;12;390626401;2490732
256;DB;2000;seq;LIKEE;10;111;387817654;7676266
256;DB;5000;seq;LIKEE;10;111;441109766;7224874
256;DB;7500;seq;LIKEE;10;111;509066024;7293033
256;DB;10000;seq;LIKEE;10;112;443539557;9951580
256;DB;15000;seq;LIKEE;10;1111;517511416;23381424
256;DB;20000;seq;LIKEE;10;1111;547706278;21269954
256;DB;25000;seq;LIKEE;10;1111;557398011;19704937
256;DB;30000;seq;LIKEE;10;1111;607405590;25500443
256;DB;40000;seq;LIKEE;10;1111;689448695;27848029
256;DB;50000;seq;LIKEE;10;1111;601976602;26797834
256;DB;75000;seq;LIKEE;10;1111;706596146;49326951
256;DB;100000;seq;LIKEE;10;1112;909971334;49673288
256;DB;150000;seq;LIKEE;10;11111;1060731246;132399291
256;DB;200000;seq;LIKEE;10;11111;1206755864;136406603
256;DB;250000;seq;LIKEE;10;11111;1519852025;152988660
256;DB;500000;seq;LIKEE;10;11111;1853984581;199994054
256;DB;1000000;seq;LIKEE;10;11112;2747632964;394560377
512;DB;100;seq;LIKEE;10;2;378235431;1292222
512;DB;200;seq;LIKEE;10;11;338479586;2694589
512;DB;500;seq;LIKEE;10;11;386041905;2924056
512;DB;1000;seq;LIKEE;10;12;385050793;2691377
512;DB;2000;seq;LIKEE;10;111;366806189;7920442
512;DB;5000;seq;LIKEE;10;111;418450225;8191714
512;DB;7500;seq;LIKEE;10;111;440106473;8456502
512;DB;10000;seq;LIKEE;10;112;460247397;10278296
512;DB;15000;seq;LIKEE;10;1111;497187907;23097850
512;DB;20000;seq;LIKEE;10;1111;515199071;22796119
512;DB;25000;seq;LIKEE;10;1111;559136355;21278482
512;DB;30000;seq;LIKEE;10;1111;576465733;30408820
512;DB;40000;seq;LIKEE;10;1111;631026900;24773414
512;DB;50000;seq;LIKEE;10;1111;616239818;26650176
512;DB;75000;seq;LIKEE;10;1111;680783317;30093373
512;DB;100000;seq;LIKEE;10;1112;829370574;40026999
512;DB;150000;seq;LIKEE;10;11111;1008958020;113820779
512;DB;200000;seq;LIKEE;10;11111;1130756341;120911960
512;DB;250000;seq;LIKEE;10;11111;1297059063;138832633
512;DB;500000;seq;LIKEE;10;11111;1819462039;188331369
512;DB;1000000;seq;LIKEE;10;11112;2853219936;300090422
512;DB;2000000;seq;LIKEE;10;111111;6060868675;2933268917
512;DB;5000000;seq;LIKEE;10;111111;13770142071;3311656541
512;DB;10000000;seq;LIKEE;10;111112;24853379091;4337433117
1024;DB;100;seq;LIKEE;10;2;359374519;883078
1024;DB;200;seq;LIKEE;10;11;345270813;4133729
1024;DB;500;seq;LIKEE;10;11;374717418;2466545
1024;DB;1000;seq;LIKEE;10;12;387141743;4310685
1024;DB;2000;seq;LIKEE;10;111;387714742;6883916
1024;DB;5000;seq;LIKEE;10;111;407852215;8412026
1024;DB;7500;seq;LIKEE;10;111;446760841;7632183
1024;DB;10000;seq;LIKEE;10;112;441951026;8987455
1024;DB;15000;seq;LIKEE;10;1111;485187103;19573723
1024;DB;20000;seq;LIKEE;10;1111;581974944;23033189
1024;DB;25000;seq;LIKEE;10;1111;587092308;21654735
1024;DB;30000;seq;LIKEE;10;1111;552235541;22977878
1024;DB;40000;seq;LIKEE;10;1111;613781991;22733982
1024;DB;50000;seq;LIKEE;10;1111;625880926;26795794
1024;DB;75000;seq;LIKEE;10;1111;649016986;30614651
1024;DB;100000;seq;LIKEE;10;1112;840108966;36984441
1024;DB;150000;seq;LIKEE;10;11111;1180326633;117323648
1024;DB;200000;seq;LIKEE;10;11111;1235094637;131224725
1024;DB;250000;seq;LIKEE;10;11111;1322064632;137541856
1024;DB;500000;seq;LIKEE;10;11111;1802812845;190956939
1024;DB;1000000;seq;LIKEE;10;11112;2626430025;300282185
1024;DB;2000000;seq;LIKEE;10;111111;5910897273;1926722794
1024;DB;5000000;seq;LIKEE;10;111111;14106460772;2516312327
1024;DB;10000000;seq;LIKEE;10;111112;24959218876;3954578315
1536;DB;100;seq;LIKEE;10;2;381347910;766735
1536;DB;200;seq;LIKEE;10;11;345273032;5306447
1536;DB;500;seq;LIKEE;10;11;408515234;2794660
1536;DB;1000;seq;LIKEE;10;12;363762375;2238602
1536;DB;2000;seq;LIKEE;10;111;385472422;9461108
1536;DB;5000;seq;LIKEE;10;111;396041190;8236161
1536;DB;7500;seq;LIKEE;10;111;450070785;7159804
1536;DB;10000;seq;LIKEE;10;112;473844998;8721086
1536;DB;15000;seq;LIKEE;10;1111;751016079;27392222
1536;DB;20000;seq;LIKEE;10;1111;540152302;22822586
1536;DB;25000;seq;LIKEE;10;1111;574284151;24815068
1536;DB;30000;seq;LIKEE;10;1111;568673352;23452877
1536;DB;40000;seq;LIKEE;10;1111;622896870;25481669
1536;DB;50000;seq;LIKEE;10;1111;591390902;29022166
1536;DB;75000;seq;LIKEE;10;1111;674975595;32389768
1536;DB;100000;seq;LIKEE;10;1112;865028483;36151566
1536;DB;150000;seq;LIKEE;10;11111;975056235;108538402
1536;DB;200000;seq;LIKEE;10;11111;1197208394;132181391
1536;DB;250000;seq;LIKEE;10;11111;1308969710;134758209
1536;DB;500000;seq;LIKEE;10;11111;1767535701;191569967
1536;DB;1000000;seq;LIKEE;10;11112;2650117605;298132436
1536;DB;2000000;seq;LIKEE;10;111111;6034545329;1808008145
1536;DB;5000000;seq;LIKEE;10;111111;13740672722;2583741638
1536;DB;10000000;seq;LIKEE;10;111112;24721167708;3379245528
2048;DB;100;seq;LIKEE;10;2;358877779;849458
2048;DB;200;seq;LIKEE;10;11;353094741;2058685
2048;DB;500;seq;LIKEE;10;11;379809482;2774286
2048;DB;1000;seq;LIKEE;10;12;386745448;2503768
2048;DB;2000;seq;LIKEE;10;111;391189012;8086233
2048;DB;5000;seq;LIKEE;10;111;491112063;8978078
2048;DB;7500;seq;LIKEE;10;111;445455154;10811663
2048;DB;10000;seq;LIKEE;10;112;460684596;9533430
2048;DB;15000;seq;LIKEE;10;1111;514040059;19015691
2048;DB;20000;seq;LIKEE;10;1111;535089895;19775186
2048;DB;25000;seq;LIKEE;10;1111;541201662;23100949
2048;DB;30000;seq;LIKEE;10;1111;564996544;25995162
2048;DB;40000;seq;LIKEE;10;1111;674834950;22896398
2048;DB;50000;seq;LIKEE;10;1111;625534931;28756569
2048;DB;75000;seq;LIKEE;10;1111;652237579;32689676
2048;DB;100000;seq;LIKEE;10;1112;858267527;36991466
2048;DB;150000;seq;LIKEE;10;11111;1061696794;110897636
2048;DB;200000;seq;LIKEE;10;11111;1206837540;123425863
2048;DB;250000;seq;LIKEE;10;11111;1323482353;137074165
2048;DB;500000;seq;LIKEE;10;11111;1797341125;184077886
2048;DB;1000000;seq;LIKEE;10;11112;2617099797;293993130
2048;DB;2000000;seq;LIKEE;10;111111;5877621214;1611880043
2048;DB;5000000;seq;LIKEE;10;111111;13889523150;2284941086
2048;DB;10000000;seq;LIKEE;10;111112;24557766422;3293438973
3072;DB;100;seq;LIKEE;10;2;381530053;730892
3072;DB;200;seq;LIKEE;10;11;352261200;3363847
3072;DB;500;seq;LIKEE;10;11;382457998;3109430
3072;DB;1000;seq;LIKEE;10;12;403304747;3687663
3072;DB;2000;seq;LIKEE;10;111;352284037;8046154
3072;DB;5000;seq;LIKEE;10;111;416710048;8765972
3072;DB;7500;seq;LIKEE;10;111;433377179;12300760
3072;DB;10000;seq;LIKEE;10;112;454311267;12006326
3072;DB;15000;seq;LIKEE;10;1111;490564587;19983791
3072;DB;20000;seq;LIKEE;10;1111;528019992;22955250
3072;DB;25000;seq;LIKEE;10;1111;554740725;21282891
3072;DB;30000;seq;LIKEE;10;1111;544658818;22713785
3072;DB;40000;seq;LIKEE;10;1111;641881028;23452483
3072;DB;50000;seq;LIKEE;10;1111;605848628;28086787
3072;DB;75000;seq;LIKEE;10;1111;676992537;30190893
3072;DB;100000;seq;LIKEE;10;1112;836647842;39052558
3072;DB;150000;seq;LIKEE;10;11111;1024667199;109917453
3072;DB;200000;seq;LIKEE;10;11111;1088596566;123802863
3072;DB;250000;seq;LIKEE;10;11111;1310738148;135119237
3072;DB;500000;seq;LIKEE;10;11111;1798276513;182845862
3072;DB;1000000;seq;LIKEE;10;11112;2667946753;301494525
3072;DB;2000000;seq;LIKEE;10;111111;6422623625;1550276914
3072;DB;5000000;seq;LIKEE;10;111111;13721201463;1980559803
3072;DB;10000000;seq;LIKEE;10;111112;24730533369;3033184011
4048;DB;100;seq;LIKEE;10;2;359777379;742436
4048;DB;200;seq;LIKEE;10;11;363375488;2283777
4048;DB;500;seq;LIKEE;10;11;408164445;2490203
4048;DB;1000;seq;LIKEE;10;12;388631885;2166201
4048;DB;2000;seq;LIKEE;10;111;379544407;9416372
4048;DB;5000;seq;LIKEE;10;111;476428975;11792099
4048;DB;7500;seq;LIKEE;10;111;455188528;8662386
4048;DB;10000;seq;LIKEE;10;112;456393294;10682068
4048;DB;15000;seq;LIKEE;10;1111;502729703;22135286
4048;DB;20000;seq;LIKEE;10;1111;521292778;18758125
4048;DB;25000;seq;LIKEE;10;1111;545472636;21820492
4048;DB;30000;seq;LIKEE;10;1111;553210651;25828846
4048;DB;40000;seq;LIKEE;10;1111;606413522;25226073
4048;DB;50000;seq;LIKEE;10;1111;611457365;29228135
4048;DB;75000;seq;LIKEE;10;1111;646876987;30073919
4048;DB;100000;seq;LIKEE;10;1112;832518112;36442259
4048;DB;150000;seq;LIKEE;10;11111;1096386854;108276806
4048;DB;200000;seq;LIKEE;10;11111;1135597329;136102374
4048;DB;250000;seq;LIKEE;10;11111;1281942132;130638240
4048;DB;500000;seq;LIKEE;10;11111;1823882994;196744687
4048;DB;1000000;seq;LIKEE;10;11112;2634116137;305442038
4048;DB;2000000;seq;LIKEE;10;111111;6020526504;1386453285
4048;DB;5000000;seq;LIKEE;10;111111;14137840801;2349103733
4048;DB;10000000;seq;LIKEE;10;111112;25351469354;3348512893
6144;DB;100;seq;LIKEE;10;2;355941639;1087293
6144;DB;200;seq;LIKEE;10;11;330076670;2516777
6144;DB;500;seq;LIKEE;10;11;374166108;3933981
6144;DB;1000;seq;LIKEE;10;12;374991667;2636967
6144;DB;2000;seq;LIKEE;10;111;382336350;8000039
6144;DB;5000;seq;LIKEE;10;111;421342981;8701148
6144;DB;7500;seq;LIKEE;10;111;446833405;9889874
6144;DB;10000;seq;LIKEE;10;112;455226531;9231949
6144;DB;15000;seq;LIKEE;10;1111;519394934;18966646
6144;DB;20000;seq;LIKEE;10;1111;539069105;19668230
6144;DB;25000;seq;LIKEE;10;1111;557426636;23650980
6144;DB;30000;seq;LIKEE;10;1111;568280013;21879745
6144;DB;40000;seq;LIKEE;10;1111;621757893;26628644
6144;DB;50000;seq;LIKEE;10;1111;587961151;29977031
6144;DB;75000;seq;LIKEE;10;1111;669518454;33521215
6144;DB;100000;seq;LIKEE;10;1112;858718079;36967304
6144;DB;150000;seq;LIKEE;10;11111;1050091683;111960898
6144;DB;200000;seq;LIKEE;10;11111;1107566489;121946167
6144;DB;250000;seq;LIKEE;10;11111;1291190025;131883545
6144;DB;500000;seq;LIKEE;10;11111;1801453224;185195464
6144;DB;1000000;seq;LIKEE;10;11112;2636390530;292646406
6144;DB;2000000;seq;LIKEE;10;111111;6388083107;1351239639
6144;DB;5000000;seq;LIKEE;10;111111;13861322863;2003605452
6144;DB;10000000;seq;LIKEE;10;111112;24736057960;3059023137
8096;DB;100;seq;LIKEE;10;2;381908154;765625
8096;DB;200;seq;LIKEE;10;11;350453664;2015076
8096;DB;500;seq;LIKEE;10;11;420305455;3449920
8096;DB;1000;seq;LIKEE;10;12;393783772;2684452
8096;DB;2000;seq;LIKEE;10;111;379670331;10014048
8096;DB;5000;seq;LIKEE;10;111;413420266;7720806
8096;DB;7500;seq;LIKEE;10;111;443877663;8987668
8096;DB;10000;seq;LIKEE;10;112;442910063;9757845
8096;DB;15000;seq;LIKEE;10;1111;507349736;21036170
8096;DB;20000;seq;LIKEE;10;1111;525823334;18667389
8096;DB;25000;seq;LIKEE;10;1111;571930086;24274103
8096;DB;30000;seq;LIKEE;10;1111;537836419;26162869
8096;DB;40000;seq;LIKEE;10;1111;650414121;24473771
8096;DB;50000;seq;LIKEE;10;1111;600002490;26692345
8096;DB;75000;seq;LIKEE;10;1111;723213070;31880006
8096;DB;100000;seq;LIKEE;10;1112;866729514;38757571
8096;DB;150000;seq;LIKEE;10;11111;1068716312;110494365
8096;DB;200000;seq;LIKEE;10;11111;1123608082;126230697
8096;DB;250000;seq;LIKEE;10;11111;1362828117;133291465
8096;DB;500000;seq;LIKEE;10;11111;1813731908;184339552
8096;DB;1000000;seq;LIKEE;10;11112;2585442395;297269506
8096;DB;2000000;seq;LIKEE;10;111111;5953851104;1379299007
8096;DB;5000000;seq;LIKEE;10;111111;13677336584;2062898809
8096;DB;10000000;seq;LIKEE;10;111112;25010281394;3146611492
256;DB;100;seq;LIKEE;100;1;382100016;640953
256;DB;200;seq;LIKEE;100;1;367135149;2114624
256;DB;500;seq;LIKEE;100;1;348585198;1454699
256;DB;1000;seq;LIKEE;100;2;379925615;1070725
256;DB;2000;seq;LIKEE;100;11;365666033;2409109
256;DB;5000;seq;LIKEE;100;11;412736934;3481229
256;DB;7500;seq;LIKEE;100;11;427932749;4075087
256;DB;10000;seq;LIKEE;100;12;440525147;4399063
256;DB;15000;seq;LIKEE;100;111;446757486;9266921
256;DB;20000;seq;LIKEE;100;111;488300792;11849306
256;DB;25000;seq;LIKEE;100;111;495561849;12504744
256;DB;30000;seq;LIKEE;100;111;497982919;12298242
256;DB;40000;seq;LIKEE;100;111;557955381;16694344
256;DB;50000;seq;LIKEE;100;111;564307385;18914423
256;DB;75000;seq;LIKEE;100;111;606490876;22013237
256;DB;100000;seq;LIKEE;100;112;752867416;29736592
256;DB;150000;seq;LIKEE;100;1111;972211961;49316585
256;DB;200000;seq;LIKEE;100;1111;985136019;58526983
256;DB;250000;seq;LIKEE;100;1111;1163866667;71921804
256;DB;500000;seq;LIKEE;100;1111;1798897492;136561447
256;DB;1000000;seq;LIKEE;100;1112;2605684557;251602553
256;DB;2000000;seq;LIKEE;100;11111;3966524887;529711360
256;DB;5000000;seq;LIKEE;100;11111;12038747277;1174389733
256;DB;10000000;seq;LIKEE;100;11112;22673646885;2250502754
512;DB;100;seq;LIKEE;100;1;370218256;1086848
512;DB;200;seq;LIKEE;100;1;380631851;1374892
512;DB;500;seq;LIKEE;100;1;415908600;703923
512;DB;1000;seq;LIKEE;100;2;404188573;1676280
512;DB;2000;seq;LIKEE;100;11;369081651;2755763
512;DB;5000;seq;LIKEE;100;11;385722724;3262133
512;DB;7500;seq;LIKEE;100;11;418418229;5936172
512;DB;10000;seq;LIKEE;100;12;440309826;4572760
512;DB;15000;seq;LIKEE;100;111;442466121;10340190
512;DB;20000;seq;LIKEE;100;111;496013439;10749962
512;DB;25000;seq;LIKEE;100;111;504381019;12763584
512;DB;30000;seq;LIKEE;100;111;500969577;18780916
512;DB;40000;seq;LIKEE;100;111;589992524;17322306
512;DB;50000;seq;LIKEE;100;111;558457613;17440476
512;DB;75000;seq;LIKEE;100;111;586847602;25927954
512;DB;100000;seq;LIKEE;100;112;784395049;27343186
512;DB;150000;seq;LIKEE;100;1111;841182779;51922400
512;DB;200000;seq;LIKEE;100;1111;961576529;61830044
512;DB;250000;seq;LIKEE;100;1111;1141179732;74426731
512;DB;500000;seq;LIKEE;100;1111;1660450537;129978733
512;DB;1000000;seq;LIKEE;100;1112;2421185839;247303541
512;DB;2000000;seq;LIKEE;100;11111;3977144223;526498515
512;DB;5000000;seq;LIKEE;100;11111;11894185372;1211146233
512;DB;10000000;seq;LIKEE;100;11112;22897393161;2263779296
1024;DB;100;seq;LIKEE;100;1;348180631;955637
1024;DB;200;seq;LIKEE;100;1;335273973;917651
1024;DB;500;seq;LIKEE;100;1;366417309;770768
1024;DB;1000;seq;LIKEE;100;2;360000749;1111886
1024;DB;2000;seq;LIKEE;100;11;373606263;2819925
1024;DB;5000;seq;LIKEE;100;11;405479641;3453200
1024;DB;7500;seq;LIKEE;100;11;400729112;5556988
1024;DB;10000;seq;LIKEE;100;12;428164981;4343261
1024;DB;15000;seq;LIKEE;100;111;462453037;14770157
1024;DB;20000;seq;LIKEE;100;111;484273889;12402813
1024;DB;25000;seq;LIKEE;100;111;520845614;12156771
1024;DB;30000;seq;LIKEE;100;111;465599370;15580889
1024;DB;40000;seq;LIKEE;100;111;533451937;15644613
1024;DB;50000;seq;LIKEE;100;111;567326480;17550695
1024;DB;75000;seq;LIKEE;100;111;560773797;22766225
1024;DB;100000;seq;LIKEE;100;112;807989812;27292849
1024;DB;150000;seq;LIKEE;100;1111;843084067;47142746
1024;DB;200000;seq;LIKEE;100;1111;985862773;64797469
1024;DB;250000;seq;LIKEE;100;1111;1133754324;69744690
1024;DB;500000;seq;LIKEE;100;1111;1618889678;127771257
1024;DB;1000000;seq;LIKEE;100;1112;2455642716;235701849
1024;DB;2000000;seq;LIKEE;100;11111;4241906577;505642454
1024;DB;5000000;seq;LIKEE;100;11111;11855481836;1222006092
1024;DB;10000000;seq;LIKEE;100;11112;23841860528;2286390377
1536;DB;100;seq;LIKEE;100;1;377610255;1499576
1536;DB;200;seq;LIKEE;100;1;324019427;1134206
1536;DB;500;seq;LIKEE;100;1;375905047;1606037
1536;DB;1000;seq;LIKEE;100;2;401899952;2592562
1536;DB;2000;seq;LIKEE;100;11;383039235;3123590
1536;DB;5000;seq;LIKEE;100;11;411481362;4340971
1536;DB;7500;seq;LIKEE;100;11;450049061;4108269
1536;DB;10000;seq;LIKEE;100;12;432448831;5565042
1536;DB;15000;seq;LIKEE;100;111;431558237;9950836
1536;DB;20000;seq;LIKEE;100;111;495811138;12369851
1536;DB;25000;seq;LIKEE;100;111;494572662;11006103
1536;DB;30000;seq;LIKEE;100;111;464201489;11780282
1536;DB;40000;seq;LIKEE;100;111;629778420;17552429
1536;DB;50000;seq;LIKEE;100;111;576557146;18001249
1536;DB;75000;seq;LIKEE;100;111;621950930;24149815
1536;DB;100000;seq;LIKEE;100;112;778877126;27920536
1536;DB;150000;seq;LIKEE;100;1111;846693909;49653382
1536;DB;200000;seq;LIKEE;100;1111;1001292745;67665852
1536;DB;250000;seq;LIKEE;100;1111;1229942966;72696454
1536;DB;500000;seq;LIKEE;100;1111;1610658390;126689680
1536;DB;1000000;seq;LIKEE;100;1112;2451604912;234892548
1536;DB;2000000;seq;LIKEE;100;11111;3994858290;525092668
1536;DB;5000000;seq;LIKEE;100;11111;12311070817;1175560559
1536;DB;10000000;seq;LIKEE;100;11112;23244458068;2324858722
2048;DB;100;seq;LIKEE;100;1;338872077;607738
2048;DB;200;seq;LIKEE;100;1;335028209;1084685
2048;DB;500;seq;LIKEE;100;1;373687899;1884351
2048;DB;1000;seq;LIKEE;100;2;386536873;4135324
2048;DB;2000;seq;LIKEE;100;11;355212060;3217400
2048;DB;5000;seq;LIKEE;100;11;372630067;3935358
2048;DB;7500;seq;LIKEE;100;11;408453957;5229024
2048;DB;10000;seq;LIKEE;100;12;403171806;4498939
2048;DB;15000;seq;LIKEE;100;111;466763506;13050870
2048;DB;20000;seq;LIKEE;100;111;465393684;12840018
2048;DB;25000;seq;LIKEE;100;111;510385728;12725863
2048;DB;30000;seq;LIKEE;100;111;489762975;14480400
2048;DB;40000;seq;LIKEE;100;111;565327640;14462854
2048;DB;50000;seq;LIKEE;100;111;522604070;18425088
2048;DB;75000;seq;LIKEE;100;111;621654758;22921534
2048;DB;100000;seq;LIKEE;100;112;787326984;26785516
2048;DB;150000;seq;LIKEE;100;1111;840710641;45526566
2048;DB;200000;seq;LIKEE;100;1111;931104832;63353086
2048;DB;250000;seq;LIKEE;100;1111;1161852099;81167764
2048;DB;500000;seq;LIKEE;100;1111;1631538205;126329331
2048;DB;1000000;seq;LIKEE;100;1112;2470098228;250863325
2048;DB;2000000;seq;LIKEE;100;11111;4027122184;530388277
2048;DB;5000000;seq;LIKEE;100;11111;11852141051;1167223760
2048;DB;10000000;seq;LIKEE;100;11112;22675890489;2247081979
3072;DB;100;seq;LIKEE;100;1;366739731;1579702
3072;DB;200;seq;LIKEE;100;1;322742999;1948044
3072;DB;500;seq;LIKEE;100;1;346969352;727595
3072;DB;1000;seq;LIKEE;100;2;357185419;1462313
3072;DB;2000;seq;LIKEE;100;11;370043706;2935586
3072;DB;5000;seq;LIKEE;100;11;382677250;4062481
3072;DB;7500;seq;LIKEE;100;11;412564627;4354713
3072;DB;10000;seq;LIKEE;100;12;438772971;4678470
3072;DB;15000;seq;LIKEE;100;111;462245249;13246807
3072;DB;20000;seq;LIKEE;100;111;506871569;9923551
3072;DB;25000;seq;LIKEE;100;111;524240786;12083336
3072;DB;30000;seq;LIKEE;100;111;494433962;12595628
3072;DB;40000;seq;LIKEE;100;111;553840694;14383569
3072;DB;50000;seq;LIKEE;100;111;556761264;18667297
3072;DB;75000;seq;LIKEE;100;111;589396759;23924119
3072;DB;100000;seq;LIKEE;100;112;764134896;26828420
3072;DB;150000;seq;LIKEE;100;1111;828420427;50353941
3072;DB;200000;seq;LIKEE;100;1111;1075208099;58796687
3072;DB;250000;seq;LIKEE;100;1111;1139373299;71611108
3072;DB;500000;seq;LIKEE;100;1111;1623687560;145358575
3072;DB;1000000;seq;LIKEE;100;1112;2556552945;281019142
3072;DB;2000000;seq;LIKEE;100;11111;4011268989;533341893
3072;DB;5000000;seq;LIKEE;100;11111;11834410151;1161900746
3072;DB;10000000;seq;LIKEE;100;11112;22793803122;2239034651
4048;DB;100;seq;LIKEE;100;1;356563932;1847108
4048;DB;200;seq;LIKEE;100;1;336551978;1200870
4048;DB;500;seq;LIKEE;100;1;368914791;1177935
4048;DB;1000;seq;LIKEE;100;2;339301386;1562926
4048;DB;2000;seq;LIKEE;100;11;379146435;4225005
4048;DB;5000;seq;LIKEE;100;11;417012420;4802482
4048;DB;7500;seq;LIKEE;100;11;382074347;4022166
4048;DB;10000;seq;LIKEE;100;12;429808796;5458886
4048;DB;15000;seq;LIKEE;100;111;457565174;21079569
4048;DB;20000;seq;LIKEE;100;111;494228230;10439927
4048;DB;25000;seq;LIKEE;100;111;474368427;12536653
4048;DB;30000;seq;LIKEE;100;111;487995603;12735811
4048;DB;40000;seq;LIKEE;100;111;566368239;16004078
4048;DB;50000;seq;LIKEE;100;111;565880795;15706670
4048;DB;75000;seq;LIKEE;100;111;677670460;22515100
4048;DB;100000;seq;LIKEE;100;112;760648524;26696935
4048;DB;150000;seq;LIKEE;100;1111;874538939;49400224
4048;DB;200000;seq;LIKEE;100;1111;949498895;61060686
4048;DB;250000;seq;LIKEE;100;1111;1149194790;75410494
4048;DB;500000;seq;LIKEE;100;1111;1779661813;126613829
4048;DB;1000000;seq;LIKEE;100;1112;2438637229;232871088
4048;DB;2000000;seq;LIKEE;100;11111;3980945322;517521221
4048;DB;5000000;seq;LIKEE;100;11111;11854802587;1179229300
4048;DB;10000000;seq;LIKEE;100;11112;23251517966;2262106750
6144;DB;100;seq;LIKEE;100;1;369399255;2003837
6144;DB;200;seq;LIKEE;100;1;356020539;1133282
6144;DB;500;seq;LIKEE;100;1;374104988;842129
6144;DB;1000;seq;LIKEE;100;2;401845784;1114413
6144;DB;2000;seq;LIKEE;100;11;380078291;5386198
6144;DB;5000;seq;LIKEE;100;11;395462075;3248625
6144;DB;7500;seq;LIKEE;100;11;432122707;6023173
6144;DB;10000;seq;LIKEE;100;12;437891746;5216292
6144;DB;15000;seq;LIKEE;100;111;430809151;11242867
6144;DB;20000;seq;LIKEE;100;111;440762524;12445516
6144;DB;25000;seq;LIKEE;100;111;497680221;11682036
6144;DB;30000;seq;LIKEE;100;111;464763937;13739458
6144;DB;40000;seq;LIKEE;100;111;571370698;13879772
6144;DB;50000;seq;LIKEE;100;111;613646651;17382311
6144;DB;75000;seq;LIKEE;100;111;591679299;21474654
6144;DB;100000;seq;LIKEE;100;112;762717801;27493237
6144;DB;150000;seq;LIKEE;100;1111;859387625;47596477
6144;DB;200000;seq;LIKEE;100;1111;1011409718;72580478
6144;DB;250000;seq;LIKEE;100;1111;1164604121;90516914
6144;DB;500000;seq;LIKEE;100;1111;1624954891;122317890
6144;DB;1000000;seq;LIKEE;100;1112;2408622685;237183097
6144;DB;2000000;seq;LIKEE;100;11111;3995365116;507368663
6144;DB;5000000;seq;LIKEE;100;11111;11836843861;1242187773
6144;DB;10000000;seq;LIKEE;100;11112;23068145640;2464676460
8096;DB;100;seq;LIKEE;100;1;371284902;1337635
8096;DB;200;seq;LIKEE;100;1;321987793;907229
8096;DB;500;seq;LIKEE;100;1;400654027;735452
8096;DB;1000;seq;LIKEE;100;2;392912870;1147427
8096;DB;2000;seq;LIKEE;100;11;372484489;3150654
8096;DB;5000;seq;LIKEE;100;11;406476187;3497131
8096;DB;7500;seq;LIKEE;100;11;386637235;4482317
8096;DB;10000;seq;LIKEE;100;12;406083428;4904616
8096;DB;15000;seq;LIKEE;100;111;405295982;9200410
8096;DB;20000;seq;LIKEE;100;111;472901671;10306039
8096;DB;25000;seq;LIKEE;100;111;463833632;11026523
8096;DB;30000;seq;LIKEE;100;111;466204071;13077410
8096;DB;40000;seq;LIKEE;100;111;537305910;15336287
8096;DB;50000;seq;LIKEE;100;111;558792520;15021836
8096;DB;75000;seq;LIKEE;100;111;574168505;22215942
8096;DB;100000;seq;LIKEE;100;112;786451199;24810875
8096;DB;150000;seq;LIKEE;100;1111;830834600;47273032
8096;DB;200000;seq;LIKEE;100;1111;933697938;60923334
8096;DB;250000;seq;LIKEE;100;1111;1184395014;78291409
8096;DB;500000;seq;LIKEE;100;1111;1631821862;124576334
8096;DB;1000000;seq;LIKEE;100;1112;2569688232;231451922
8096;DB;2000000;seq;LIKEE;100;11111;4032281725;527328871
8096;DB;5000000;seq;LIKEE;100;11111;12023317524;1172023062
8096;DB;10000000;seq;LIKEE;100;11112;22815510539;2201350612
256;DB;100;seq;LIKEE;1000;0;319193025;1000144
256;DB;200;seq;LIKEE;1000;0;301267295;396971
256;DB;500;seq;LIKEE;1000;0;345695852;569522
256;DB;1000;seq;LIKEE;1000;1;390367781;2461535
256;DB;2000;seq;LIKEE;1000;1;375554131;2749053
256;DB;5000;seq;LIKEE;1000;1;350925453;1785587
256;DB;7500;seq;LIKEE;1000;1;393080898;2660225
256;DB;10000;seq;LIKEE;1000;2;426878457;3901030
256;DB;15000;seq;LIKEE;1000;11;440111921;6194089
256;DB;20000;seq;LIKEE;1000;11;473594499;6339253
256;DB;25000;seq;LIKEE;1000;11;486506080;7240780
256;DB;30000;seq;LIKEE;1000;11;457235815;10469929
256;DB;40000;seq;LIKEE;1000;11;508725983;13032044
256;DB;50000;seq;LIKEE;1000;11;527503296;13164627
256;DB;75000;seq;LIKEE;1000;11;630905249;18338576
256;DB;100000;seq;LIKEE;1000;12;711947828;23730818
256;DB;150000;seq;LIKEE;1000;111;797125185;35068726
256;DB;200000;seq;LIKEE;1000;111;926973022;59548884
256;DB;250000;seq;LIKEE;1000;111;1162675768;72784216
256;DB;500000;seq;LIKEE;1000;111;1587942174;126229782
256;DB;1000000;seq;LIKEE;1000;112;2388294053;234412727
256;DB;2000000;seq;LIKEE;1000;1111;3779404325;451513266
256;DB;5000000;seq;LIKEE;1000;1111;12028721287;1070228765
256;DB;10000000;seq;LIKEE;1000;1112;22827611376;2191480892
512;DB;100;seq;LIKEE;1000;0;355285356;834386
512;DB;200;seq;LIKEE;1000;0;319311611;391202
512;DB;500;seq;LIKEE;1000;0;346820740;582611
512;DB;1000;seq;LIKEE;1000;1;359664287;958242
512;DB;2000;seq;LIKEE;1000;1;355716641;2501809
512;DB;5000;seq;LIKEE;1000;1;400238767;2239101
512;DB;7500;seq;LIKEE;1000;1;426414537;2974682
512;DB;10000;seq;LIKEE;1000;2;434753812;3746740
512;DB;15000;seq;LIKEE;1000;11;438341351;6057010
512;DB;20000;seq;LIKEE;1000;11;477861838;6694641
512;DB;25000;seq;LIKEE;1000;11;490782403;7351053
512;DB;30000;seq;LIKEE;1000;11;472435665;8586972
512;DB;40000;seq;LIKEE;1000;11;524717505;10521008
512;DB;50000;seq;LIKEE;1000;11;515994651;12323942
512;DB;75000;seq;LIKEE;1000;11;581193202;17394619
512;DB;100000;seq;LIKEE;1000;12;759744789;23837286
512;DB;150000;seq;LIKEE;1000;111;796619926;36500661
512;DB;200000;seq;LIKEE;1000;111;896579611;50424865
512;DB;250000;seq;LIKEE;1000;111;1108486751;60934516
512;DB;500000;seq;LIKEE;1000;111;1510983998;117786005
512;DB;1000000;seq;LIKEE;1000;112;2437984636;218665444
512;DB;2000000;seq;LIKEE;1000;1111;3887571364;438288862
512;DB;5000000;seq;LIKEE;1000;1111;11718219537;1168819319
512;DB;10000000;seq;LIKEE;1000;1112;22674555538;2164515780
1024;DB;100;seq;LIKEE;1000;0;404683899;1150898
1024;DB;200;seq;LIKEE;1000;0;313887672;535989
1024;DB;500;seq;LIKEE;1000;0;316006785;609065
1024;DB;1000;seq;LIKEE;1000;1;392905875;1879120
1024;DB;2000;seq;LIKEE;1000;1;344944825;1774747
1024;DB;5000;seq;LIKEE;1000;1;384053282;3173050
1024;DB;7500;seq;LIKEE;1000;1;430841562;2696777
1024;DB;10000;seq;LIKEE;1000;2;401581488;4903587
1024;DB;15000;seq;LIKEE;1000;11;433469508;6596345
1024;DB;20000;seq;LIKEE;1000;11;534019833;6308873
1024;DB;25000;seq;LIKEE;1000;11;481312039;9246174
1024;DB;30000;seq;LIKEE;1000;11;447406239;8356464
1024;DB;40000;seq;LIKEE;1000;11;631606077;11207090
1024;DB;50000;seq;LIKEE;1000;11;541023645;13479204
1024;DB;75000;seq;LIKEE;1000;11;585076655;17465378
1024;DB;100000;seq;LIKEE;1000;12;725928450;26241566
1024;DB;150000;seq;LIKEE;1000;111;782234045;40274156
1024;DB;200000;seq;LIKEE;1000;111;888530256;51842805
1024;DB;250000;seq;LIKEE;1000;111;1103893473;65158022
1024;DB;500000;seq;LIKEE;1000;111;1563687027;127457879
1024;DB;1000000;seq;LIKEE;1000;112;2397118355;217223708
1024;DB;2000000;seq;LIKEE;1000;1111;3796399329;445465305
1024;DB;5000000;seq;LIKEE;1000;1111;11980277769;1098150551
1024;DB;10000000;seq;LIKEE;1000;1112;22815640824;2147579443
1536;DB;100;seq;LIKEE;1000;0;340236309;652299
1536;DB;200;seq;LIKEE;1000;0;306018504;824733
1536;DB;500;seq;LIKEE;1000;0;351153659;554552
1536;DB;1000;seq;LIKEE;1000;1;388823896;1501361
1536;DB;2000;seq;LIKEE;1000;1;370198391;1682157
1536;DB;5000;seq;LIKEE;1000;1;393465967;2738098
1536;DB;7500;seq;LIKEE;1000;1;423416707;3235344
1536;DB;10000;seq;LIKEE;1000;2;384057719;3635847
1536;DB;15000;seq;LIKEE;1000;11;405635472;5968351
1536;DB;20000;seq;LIKEE;1000;11;458348749;7293825
1536;DB;25000;seq;LIKEE;1000;11;472612807;9701991
1536;DB;30000;seq;LIKEE;1000;11;439839130;8468180
1536;DB;40000;seq;LIKEE;1000;11;507080630;10037999
1536;DB;50000;seq;LIKEE;1000;11;473272154;12044427
1536;DB;75000;seq;LIKEE;1000;11;585643447;17190360
1536;DB;100000;seq;LIKEE;1000;12;724803572;23121731
1536;DB;150000;seq;LIKEE;1000;111;798997465;37093773
1536;DB;200000;seq;LIKEE;1000;111;899126255;54105907
1536;DB;250000;seq;LIKEE;1000;111;1070586387;61835396
1536;DB;500000;seq;LIKEE;1000;111;1544008772;114063601
1536;DB;1000000;seq;LIKEE;1000;112;2501806765;217736184
1536;DB;2000000;seq;LIKEE;1000;1111;3777435787;447718124
1536;DB;5000000;seq;LIKEE;1000;1111;11831269447;1068065470
1536;DB;10000000;seq;LIKEE;1000;1112;22766151511;2122286714
2048;DB;100;seq;LIKEE;1000;0;325821198;380008
2048;DB;200;seq;LIKEE;1000;0;305947472;1430014
2048;DB;500;seq;LIKEE;1000;0;350439787;1134751
2048;DB;1000;seq;LIKEE;1000;1;367861163;2123847
2048;DB;2000;seq;LIKEE;1000;1;382522357;1100509
2048;DB;5000;seq;LIKEE;1000;1;385379638;1791155
2048;DB;7500;seq;LIKEE;1000;1;416576793;2281271
2048;DB;10000;seq;LIKEE;1000;2;439375922;4707989
2048;DB;15000;seq;LIKEE;1000;11;428714739;5364617
2048;DB;20000;seq;LIKEE;1000;11;473618898;8587313
2048;DB;25000;seq;LIKEE;1000;11;494497692;7768552
2048;DB;30000;seq;LIKEE;1000;11;473360415;8734981
2048;DB;40000;seq;LIKEE;1000;11;533938214;10280977
2048;DB;50000;seq;LIKEE;1000;11;550445036;23111693
2048;DB;75000;seq;LIKEE;1000;11;574647057;19297787
2048;DB;100000;seq;LIKEE;1000;12;727234246;22595751
2048;DB;150000;seq;LIKEE;1000;111;797822374;38036636
2048;DB;200000;seq;LIKEE;1000;111;885785282;49238145
2048;DB;250000;seq;LIKEE;1000;111;1071071831;61108899
2048;DB;500000;seq;LIKEE;1000;111;1695231990;116294396
2048;DB;1000000;seq;LIKEE;1000;112;2394395764;222974894
2048;DB;2000000;seq;LIKEE;1000;1111;3796395211;461258681
2048;DB;5000000;seq;LIKEE;1000;1111;11709388785;1149830166
2048;DB;10000000;seq;LIKEE;1000;1112;22546916475;2254154483
3072;DB;100;seq;LIKEE;1000;0;339720610;717519
3072;DB;200;seq;LIKEE;1000;0;270893481;849334
3072;DB;500;seq;LIKEE;1000;0;309148412;657077
3072;DB;1000;seq;LIKEE;1000;1;388824830;1895359
3072;DB;2000;seq;LIKEE;1000;1;351413912;1276984
3072;DB;5000;seq;LIKEE;1000;1;404461906;2186120
3072;DB;7500;seq;LIKEE;1000;1;375638320;2820944
3072;DB;10000;seq;LIKEE;1000;2;404808323;4391505
3072;DB;15000;seq;LIKEE;1000;11;394411541;6221214
3072;DB;20000;seq;LIKEE;1000;11;466194620;6389111
3072;DB;25000;seq;LIKEE;1000;11;425242339;8258837
3072;DB;30000;seq;LIKEE;1000;11;482463281;8709846
3072;DB;40000;seq;LIKEE;1000;11;485946251;10715329
3072;DB;50000;seq;LIKEE;1000;11;549004545;12783535
3072;DB;75000;seq;LIKEE;1000;11;582939059;18171719
3072;DB;100000;seq;LIKEE;1000;12;766088641;23911430
3072;DB;150000;seq;LIKEE;1000;111;895828736;35142602
3072;DB;200000;seq;LIKEE;1000;111;930414566;51850272
3072;DB;250000;seq;LIKEE;1000;111;1085130751;61553203
3072;DB;500000;seq;LIKEE;1000;111;1550609970;113581160
3072;DB;1000000;seq;LIKEE;1000;112;2367910684;224746707
3072;DB;2000000;seq;LIKEE;1000;1111;3738143107;456501547
3072;DB;5000000;seq;LIKEE;1000;1111;11713984691;1129636951
3072;DB;10000000;seq;LIKEE;1000;1112;23092939271;2263538271
4048;DB;100;seq;LIKEE;1000;0;327123463;553537
4048;DB;200;seq;LIKEE;1000;0;309218399;936513
4048;DB;500;seq;LIKEE;1000;0;369069313;763204
4048;DB;1000;seq;LIKEE;1000;1;384881570;1697679
4048;DB;2000;seq;LIKEE;1000;1;369660226;1535866
4048;DB;5000;seq;LIKEE;1000;1;382607588;2887423
4048;DB;7500;seq;LIKEE;1000;1;425511038;2874122
4048;DB;10000;seq;LIKEE;1000;2;433262000;4947177
4048;DB;15000;seq;LIKEE;1000;11;471636984;5615991
4048;DB;20000;seq;LIKEE;1000;11;485244994;7275928
4048;DB;25000;seq;LIKEE;1000;11;494529044;7961953
4048;DB;30000;seq;LIKEE;1000;11;472828226;9252129
4048;DB;40000;seq;LIKEE;1000;11;552764968;10564987
4048;DB;50000;seq;LIKEE;1000;11;534315746;13205728
4048;DB;75000;seq;LIKEE;1000;11;592225445;18823274
4048;DB;100000;seq;LIKEE;1000;12;728673779;23175808
4048;DB;150000;seq;LIKEE;1000;111;804756034;41747021
4048;DB;200000;seq;LIKEE;1000;111;908658912;57072376
4048;DB;250000;seq;LIKEE;1000;111;1080626301;63050805
4048;DB;500000;seq;LIKEE;1000;111;1577241837;116763334
4048;DB;1000000;seq;LIKEE;1000;112;2399064059;228137946
4048;DB;2000000;seq;LIKEE;1000;1111;3771523382;480757919
4048;DB;5000000;seq;LIKEE;1000;1111;11923263945;1121942241
4048;DB;10000000;seq;LIKEE;1000;1112;22693489813;2420668144
6144;DB;100;seq;LIKEE;1000;0;326757529;425609
6144;DB;200;seq;LIKEE;1000;0;312997646;736070
6144;DB;500;seq;LIKEE;1000;0;372736157;986741
6144;DB;1000;seq;LIKEE;1000;1;426966222;924236
6144;DB;2000;seq;LIKEE;1000;1;381747976;1188495
6144;DB;5000;seq;LIKEE;1000;1;397897694;2544381
6144;DB;7500;seq;LIKEE;1000;1;433595006;2929523
6144;DB;10000;seq;LIKEE;1000;2;433647181;3573407
6144;DB;15000;seq;LIKEE;1000;11;461496236;5080942
6144;DB;20000;seq;LIKEE;1000;11;458728949;7216840
6144;DB;25000;seq;LIKEE;1000;11;483550665;7826150
6144;DB;30000;seq;LIKEE;1000;11;470578896;9590281
6144;DB;40000;seq;LIKEE;1000;11;546584329;17554119
6144;DB;50000;seq;LIKEE;1000;11;551153155;13246469
6144;DB;75000;seq;LIKEE;1000;11;578482508;18162889
6144;DB;100000;seq;LIKEE;1000;12;734132588;23742979
6144;DB;150000;seq;LIKEE;1000;111;844129230;39951838
6144;DB;200000;seq;LIKEE;1000;111;859489348;54041973
6144;DB;250000;seq;LIKEE;1000;111;1065248168;60189725
6144;DB;500000;seq;LIKEE;1000;111;1566364848;116190025
6144;DB;1000000;seq;LIKEE;1000;112;2390692670;229735594
6144;DB;2000000;seq;LIKEE;1000;1111;3789961713;443478329
6144;DB;5000000;seq;LIKEE;1000;1111;11855422780;1107877123
6144;DB;10000000;seq;LIKEE;1000;1112;22879687556;2193905200
8096;DB;100;seq;LIKEE;1000;0;340595846;612563
8096;DB;200;seq;LIKEE;1000;0;276522163;680602
8096;DB;500;seq;LIKEE;1000;0;307568596;503319
8096;DB;1000;seq;LIKEE;1000;1;376127768;917368
8096;DB;2000;seq;LIKEE;1000;1;367442061;1236316
8096;DB;5000;seq;LIKEE;1000;1;350168868;1957585
8096;DB;7500;seq;LIKEE;1000;1;459791163;3397845
8096;DB;10000;seq;LIKEE;1000;2;476990989;4103290
8096;DB;15000;seq;LIKEE;1000;11;467905654;5887003
8096;DB;20000;seq;LIKEE;1000;11;474498460;6018209
8096;DB;25000;seq;LIKEE;1000;11;492926238;9609851
8096;DB;30000;seq;LIKEE;1000;11;491880758;8468913
8096;DB;40000;seq;LIKEE;1000;11;528209103;10628608
8096;DB;50000;seq;LIKEE;1000;11;544590926;12826848
8096;DB;75000;seq;LIKEE;1000;11;560147274;20414168
8096;DB;100000;seq;LIKEE;1000;12;751736670;25084994
8096;DB;150000;seq;LIKEE;1000;111;797209192;39593454
8096;DB;200000;seq;LIKEE;1000;111;936890541;58583890
8096;DB;250000;seq;LIKEE;1000;111;1078696310;62303732
8096;DB;500000;seq;LIKEE;1000;111;1579774033;122404603
8096;DB;1000000;seq;LIKEE;1000;112;2382110910;229397252
8096;DB;2000000;seq;LIKEE;1000;1111;4000193444;448804990
8096;DB;5000000;seq;LIKEE;1000;1111;11767839322;1098034254
8096;DB;10000000;seq;LIKEE;1000;1112;23305816208;2159638348
;;;;;;;;
